,quantidade,percentual
causa_especifica,85,17.0
id_interrupcao_raw,0,0.0
id_ocorrencia,0,0.0
cod_ibge_municipio,0,0.0
dth_inicio,0,0.0
dth_fim,0,0.0
id_conjunto_eletrico,0,0.0
canal_atendimento_raw,0,0.0
causa_raw,0,0.0
min_deslocamento,0,0.0
min_preparo,0,0.0
num_veiculo,0,0.0
nom_agente,0,0.0
num_cnpj_agente,0,0.0
min_execucao,0,0.0
causa_natureza,0,0.0
causa_programacao,0,0.0
causa_origem,0,0.0
causa_programacao_norm,0,0.0
canal_atendimento_norm,0,0.0
uf_municipio,0,0.0
duracao_min,0,0.0
mes,0,0.0
